Full Name,URL
,http://www.adamsandreese.com/Charles-P-Adams
,http://www.adamsandreese.com/Holmes-S-Adams
,http://www.adamsandreese.com/C-Dale-Allen
,http://www.adamsandreese.com/Cannon-F-Allen
,http://www.adamsandreese.com/Timothy-J-Anzenberger
,http://www.adamsandreese.com/Rebecca-C-Appelbaum
,http://www.adamsandreese.com/Cynthia-Mitchell-Barnett
,http://www.adamsandreese.com/Gregg-Barrios
,http://www.adamsandreese.com/Laura-S-Bauman
,http://www.adamsandreese.com/John-F-Beach
,http://www.adamsandreese.com/Vanessa-O-Beary
,http://www.adamsandreese.com/Michael-Bednarek
,http://www.adamsandreese.com/Mark-R-Beebe
,http://www.adamsandreese.com/Raymond-L-Bell
,http://www.adamsandreese.com/Jennifer-C-Bergeron
,http://www.adamsandreese.com/Philip-O-Bergeron
,http://www.adamsandreese.com/David-S-Bernstein
,http://www.adamsandreese.com/Michael-A-Berson
,http://www.adamsandreese.com/Robert-P-Bethea-Jr
,http://www.adamsandreese.com/Erica-Jewel-Bindom
,http://www.adamsandreese.com/Ron-C-Bingham
,http://www.adamsandreese.com/Kenneth-A-Bingham
,http://www.adamsandreese.com/C-Britton-Bonner
,http://www.adamsandreese.com/Robert-W-Boos
,http://www.adamsandreese.com/Justin-J-Boron
,http://www.adamsandreese.com/Reber-M-Boult
,http://www.adamsandreese.com/Diane-K-Bounds
,http://www.adamsandreese.com/David-K-Bowsher
,http://www.adamsandreese.com/Donna-L-Boyce
,http://www.adamsandreese.com/David-L-Boyette
,http://www.adamsandreese.com/William-C-Brabec
,http://www.adamsandreese.com/Taylor-E-Brett
,http://www.adamsandreese.com/Rob-Breunig
,http://www.adamsandreese.com/Timothy-M-Brinks
,http://www.adamsandreese.com/Larry-Brock
,http://www.adamsandreese.com/Jeffrey-Brooks
,http://www.adamsandreese.com/Martin-S-Brown
,http://www.adamsandreese.com/William-R-Bruce
,http://www.adamsandreese.com/Howard-M-Buell
,http://www.adamsandreese.com/C-Phillip-Jr-Buffington
,http://www.adamsandreese.com/Bryan-E-Busch
,http://www.adamsandreese.com/Lee-Butler
,http://www.adamsandreese.com/L-Cole-Callihan
,http://www.adamsandreese.com/Jay-Campbell
,http://www.adamsandreese.com/Richard-P-Carmody
,http://www.adamsandreese.com/Paul-A-Carrubba
,http://www.adamsandreese.com/Caroline-H-Catchings
,http://www.adamsandreese.com/Charles-A-Cerise
,http://www.adamsandreese.com/John-L-Chambers
,http://www.adamsandreese.com/Robin-B-Cheatham
,http://www.adamsandreese.com/Scott-Robert-Cheatham
,http://www.adamsandreese.com/Staton-M-Childers
,http://www.adamsandreese.com/V-Thomas-Clark
,http://www.adamsandreese.com/Jaimme-A-Collins
,http://www.adamsandreese.com/S-Jason-Comer
,http://www.adamsandreese.com/Charles-W-Cook
,http://www.adamsandreese.com/David-C-Coons
,http://www.adamsandreese.com/Matthew-A-Copeland
,http://www.adamsandreese.com/Alex-E-Cosculluela
,http://www.adamsandreese.com/Christopher-P-Coulon
,http://www.adamsandreese.com/Kenneth-M-Curtin
,http://www.adamsandreese.com/Chris-A-DAmour
,http://www.adamsandreese.com/John-M-Dart
,http://www.adamsandreese.com/Thomas-H-Dart
,http://www.adamsandreese.com/Anna-Davis
,http://www.adamsandreese.com/H-Richard-Davis
,http://www.adamsandreese.com/KaShonda-L-Day
,http://www.adamsandreese.com/Jeffery-S-DeArman
,http://www.adamsandreese.com/Christopher-Derden
,http://www.adamsandreese.com/James-Dickson
,http://www.adamsandreese.com/Johnny-L-Domiano
,http://www.adamsandreese.com/Matthew-R-Dowd
,http://www.adamsandreese.com/Kathleen-F-Drew
,http://www.adamsandreese.com/John-M-Duck
,http://www.adamsandreese.com/Alisha-M-Duhon
,http://www.adamsandreese.com/Brooke-Duncan
,http://www.adamsandreese.com/A-Patrick-Dungan
,http://www.adamsandreese.com/Daryl-G-Dursum
,http://www.adamsandreese.com/Richard-B-Eason
,http://www.adamsandreese.com/Robert-Eckinger
,http://www.adamsandreese.com/F-Earl-Ellis
,http://www.adamsandreese.com/Mark-S-Embree
,http://www.adamsandreese.com/Todd-D-Engelhardt
,http://www.adamsandreese.com/Christopher-L-Evans
,http://www.adamsandreese.com/Razwana-Fazil
,http://www.adamsandreese.com/Raymond-R-Ferrera
,http://www.adamsandreese.com/Richmond-C-Flowers
,http://www.adamsandreese.com/James-N-Floyd
,http://www.adamsandreese.com/Bennett-Fox
,http://www.adamsandreese.com/Philip-A-Franco
,http://www.adamsandreese.com/Andrew-B-Freeman
,http://www.adamsandreese.com/Davis-L-Gaddy
,http://www.adamsandreese.com/Juliana-C-Gaige
,http://www.adamsandreese.com/Mark-L-Gaines
,http://www.adamsandreese.com/Jarrad-Garner
,http://www.adamsandreese.com/Jason-T-Gaskill
,http://www.adamsandreese.com/Kirk-Gasperecz
,http://www.adamsandreese.com/Gerard-J-Gaudet
,http://www.adamsandreese.com/William-B-Gaudet
,http://www.adamsandreese.com/Charles-F-Gay
,http://www.adamsandreese.com/Robert-J-Gill
,http://www.adamsandreese.com/Missty-C-Gray
,http://www.adamsandreese.com/Angela-N-Grewal
,http://www.adamsandreese.com/Adam-V-Griffin
,http://www.adamsandreese.com/Valeria-M-Sercovich1
,http://www.adamsandreese.com/Grant-J-Guillot
,http://www.adamsandreese.com/Alton-J-Hall-Jr
,http://www.adamsandreese.com/Blake-Hale-Hardwich
,http://www.adamsandreese.com/Ashley-Steven-Harris
,http://www.adamsandreese.com/Rebecca-M-Csikos
,http://www.adamsandreese.com/Chelsea-C-Harrison
,http://www.adamsandreese.com/Stacy-Golleher
,http://www.adamsandreese.com/Fred-Russell-Harwell
,http://www.adamsandreese.com/Marilyn-Mullen-Healy
,http://www.adamsandreese.com/Lisa-Merz-Hedrick
,http://www.adamsandreese.com/E-L-Henry
,http://www.adamsandreese.com/Leslie-M-Henry
,http://www.adamsandreese.com/carolyne-hess
,http://www.adamsandreese.com/Randall-Scott-Hetrick
,http://www.adamsandreese.com/Marshall-A-Hevron
,http://www.adamsandreese.com/Matthew-B-Hill
,http://www.adamsandreese.com/John-S-Hooks
,http://www.adamsandreese.com/Reed-Houk
,http://www.adamsandreese.com/Linda-Edell-Howard
,http://www.adamsandreese.com/Shelly-F-Spansel
,http://www.adamsandreese.com/M-Ann-Huckstep
,http://www.adamsandreese.com/Said-Jabbour
,http://www.adamsandreese.com/Justin-A-Jack
,http://www.adamsandreese.com/Matthew-R-Jackson
,http://www.adamsandreese.com/W-David-Johnson
,http://www.adamsandreese.com/Scott-Jones
,http://www.adamsandreese.com/Christopher-J-Kane
,http://www.adamsandreese.com/Sameer-K-Kapoor
,http://www.adamsandreese.com/Amy-L-Hanna-Keeney
,http://www.adamsandreese.com/James-A-Keith
,http://www.adamsandreese.com/Margaret-Kepler
,http://www.adamsandreese.com/Sarah-R-Khouri
,http://www.adamsandreese.com/Rocklan-Rocky-William-King
,http://www.adamsandreese.com/Phil-M-Kirkpatrick
,http://www.adamsandreese.com/Charles-Edward-Kleckley
,http://www.adamsandreese.com/J-Martin-Knaust
,http://www.adamsandreese.com/John-T-Kovach
,http://www.adamsandreese.com/Louis-C-LaCour
,http://www.adamsandreese.com/Edwin-C-Laizer
,http://www.adamsandreese.com/Brad-A-Lampley
,http://www.adamsandreese.com/Leslie-A-Lanusse
,http://www.adamsandreese.com/Ernest-G-Lawhorne
,http://www.adamsandreese.com/Craig-D-Lawrence
,http://www.adamsandreese.com/Francis-V-Liantonio
,http://www.adamsandreese.com/Victor-H-Lott
,http://www.adamsandreese.com/John-F-Lyle
,http://www.adamsandreese.com/Haverly-Rauen-MacArthur
,http://www.adamsandreese.com/Susan-E-Mack
,http://www.adamsandreese.com/W-Lee-Maddux
,http://www.adamsandreese.com/Rachel-E-Mahoney
,http://www.adamsandreese.com/Richard-H-Malchon
,http://www.adamsandreese.com/Elizabeth-Lee-Maron
,http://www.adamsandreese.com/Stephanie-M-Martin
,http://www.adamsandreese.com/Adam-Massey
,http://www.adamsandreese.com/Kellen-J-Mathews
,http://www.adamsandreese.com/Lisa-E-Maurer
,http://www.adamsandreese.com/Adrienne-C-May
,http://www.adamsandreese.com/Andrew-J-McBride
,http://www.adamsandreese.com/Patrick-L-McCune
,http://www.adamsandreese.com/Holly-L-McDaniel
,http://www.adamsandreese.com/William-P-McElveen-Jr
,http://www.adamsandreese.com/Don-S-McKinney
,http://www.adamsandreese.com/James-B-McLaren
,http://www.adamsandreese.com/Aaron-G-McLeod
,http://www.adamsandreese.com/Donald-A-Mihokovich
,http://www.adamsandreese.com/Benjamin-C-Miller
,http://www.adamsandreese.com/Courtney-C-Miller
,http://www.adamsandreese.com/Christopher-Y-Mills
,http://www.adamsandreese.com/Laura-H-Mirmelli
,http://www.adamsandreese.com/Evan-A-Moeller
,http://www.adamsandreese.com/James-L-Moffett-III
,http://www.adamsandreese.com/W-Cliff-Moore-III
,http://www.adamsandreese.com/Lynn-Morrow
,http://www.adamsandreese.com/Jason-P-Mueller
,http://www.adamsandreese.com/Margaret-R-T-Myers
,http://www.adamsandreese.com/Gustavo-A-Narvaez
,http://www.adamsandreese.com/Robert-B-Nolan
,http://www.adamsandreese.com/Mark-S-Norris
,http://www.adamsandreese.com/Matthew-B-Norton
,http://www.adamsandreese.com/Powell-G-Ogletree
,http://www.adamsandreese.com/Jamie-W-Olinto
,http://www.adamsandreese.com/Deborah-H-Oliver
,http://www.adamsandreese.com/Ryan-W-Owen
,http://www.adamsandreese.com/Charles-N-Parrott
,http://www.adamsandreese.com/George-R-Parrott-II
,http://www.adamsandreese.com/Eric-J-Partlow
,http://www.adamsandreese.com/Matthew-O-Paxton
,http://www.adamsandreese.com/Lucian-T-Pera
,http://www.adamsandreese.com/Giles-Perkins
,http://www.adamsandreese.com/chris-p-perque
,http://www.adamsandreese.com/Tara-J-Petitt
,http://www.adamsandreese.com/Mary-K-Peyton
,http://www.adamsandreese.com/Emilie-L-Pfister
,http://www.adamsandreese.com/Brian-D-Pierce
,http://www.adamsandreese.com/Glen-M-Pilie
,http://www.adamsandreese.com/Chantal-Pillay
,http://www.adamsandreese.com/Charles-C-Pinckney
,http://www.adamsandreese.com/Edward-H-L-Playfair
,http://www.adamsandreese.com/James-J-Porter
,http://www.adamsandreese.com/Kyle-L-Potts
,http://www.adamsandreese.com/Jack-Pringle
,http://www.adamsandreese.com/Coleman-M-Proctor
,http://www.adamsandreese.com/Anthony-M-Quattrone
,http://www.adamsandreese.com/Jane-C-Raiford
,http://www.adamsandreese.com/Shaun-K-Ramey
,http://www.adamsandreese.com/JoAnne-Ray
,http://www.adamsandreese.com/Paula-M-Reever
,http://www.adamsandreese.com/Lee-C-Reid
,http://www.adamsandreese.com/Edward-J-Rice
,http://www.adamsandreese.com/Brianne-W-Richardson
,http://www.adamsandreese.com/Jeffrey-E-Richardson
,http://www.adamsandreese.com/Robert-L-Rieger
,http://www.adamsandreese.com/Melissa-Rizzo
,http://www.adamsandreese.com/Christopher-A-Roach
,http://www.adamsandreese.com/James-T-Rogers
,http://www.adamsandreese.com/Jannea-S-Rogers
,http://www.adamsandreese.com/John-T-Rogerson
,http://www.adamsandreese.com/Laura-Ford-Rose
,http://www.adamsandreese.com/Alexandra-G-Roselli
,http://www.adamsandreese.com/Jay-Michael-Ross
,http://www.adamsandreese.com/Gregory-F-Rouchell
,http://www.adamsandreese.com/Deborah-B-Rouen
,http://www.adamsandreese.com/Elizabeth-A-Roussel1
,http://www.adamsandreese.com/Stephen-A-Rowe
,http://www.adamsandreese.com/Jennifer-G-Rowlett
,http://www.adamsandreese.com/M-Roxana-Rudolph
,http://www.adamsandreese.com/Louis-T-Runge-Jr
,http://www.adamsandreese.com/Anne-L-Russell
,http://www.adamsandreese.com/Raymond-G-Russell
,http://www.adamsandreese.com/Russell-J-Rutherford
,http://www.adamsandreese.com/Stefini-W-Salles
,http://www.adamsandreese.com/Amanda-L-Sanders
,http://www.adamsandreese.com/Sandy-Sanford
,http://www.adamsandreese.com/Debbie-Satyal
,http://www.adamsandreese.com/Leigh-Ann-Schell
,http://www.adamsandreese.com/Justin-B-Schmidt
,http://www.adamsandreese.com/Hunter-J-Schoen
,http://www.adamsandreese.com/Kristina-Montanaro-Schrader
,http://www.adamsandreese.com/Paige-Sensenbrenner
,http://www.adamsandreese.com/Shawn-D-Sentilles
,http://www.adamsandreese.com/William-D-Shea
,http://www.adamsandreese.com/Kirby-D-Shealy-III
,http://www.adamsandreese.com/Jerry-Sheldon
,http://www.adamsandreese.com/Henry-C-Shelton
,http://www.adamsandreese.com/Lynn-W-Sherman
,http://www.adamsandreese.com/Tyson-B-Shofstahl
,http://www.adamsandreese.com/Ronald-J-Sholes
,http://www.adamsandreese.com/Lana-H-Sims-Jr
,http://www.adamsandreese.com/April-D-Smith
,http://www.adamsandreese.com/Brian-K-Smithweck
,http://www.adamsandreese.com/Mark-J-Spansel
,http://www.adamsandreese.com/David-M-Stein
,http://www.adamsandreese.com/Martin-A-Stern
,http://www.adamsandreese.com/David-Stewart
,http://www.adamsandreese.com/G-Austin-Stewart
,http://www.adamsandreese.com/Larry-Stewart
,http://www.adamsandreese.com/Richard-A-Stewart
,http://www.adamsandreese.com/Matthew-David-Storey
,http://www.adamsandreese.com/Thomas-C-Stuart
,http://www.adamsandreese.com/John-D-Surma
,http://www.adamsandreese.com/Diana-C-Surprenant
,http://www.adamsandreese.com/Mark-C-Surprenant
,http://www.adamsandreese.com/Tony-A-Swafford
,http://www.adamsandreese.com/Lauren-L-Tafaro
,http://www.adamsandreese.com/Justine-M-Tate
,http://www.adamsandreese.com/John-A-Thomson
,http://www.adamsandreese.com/Guilford-F-Thornton
,http://www.adamsandreese.com/David-Toney
,http://www.adamsandreese.com/Craig-G-Townsend
,http://www.adamsandreese.com/Neal-C-Townsend
,http://www.adamsandreese.com/Jeffrey-Trotter
,http://www.adamsandreese.com/William-M-Umbach
,http://www.adamsandreese.com/Louis-M-Ursini
,http://www.adamsandreese.com/Sara-C-Valentine
,http://www.adamsandreese.com/Roland-M-Vandenweghe
,http://www.adamsandreese.com/Timothy-W-Volpe
,http://www.adamsandreese.com/Robert-A-Vosbein
,http://www.adamsandreese.com/Ralph-H-Wall
,http://www.adamsandreese.com/Stephen-A-Walsh
,http://www.adamsandreese.com/Raymond-P-Ward
,http://www.adamsandreese.com/Bradley-A-Waters
,http://www.adamsandreese.com/Lindsey-O-Watson
,http://www.adamsandreese.com/Lara-E-White
,http://www.adamsandreese.com/Thomas-P-White
,http://www.adamsandreese.com/Victoria-P-White
,http://www.adamsandreese.com/Leslie-A-Wickes
,http://www.adamsandreese.com/Charles-R-Wilbanks-Jr
,http://www.adamsandreese.com/Clarence-A-Wilbon
,http://www.adamsandreese.com/Craig-Wilcox
,http://www.adamsandreese.com/Graham-H-Williams
,http://www.adamsandreese.com/Jennifer-Wilson
,http://www.adamsandreese.com/David-M-Wolf
,http://www.adamsandreese.com/Robert-Wooley
,http://www.adamsandreese.com/William-K-Wright
,http://www.adamsandreese.com/Laurie-Briggs-Young
,http://www.adamsandreese.com/Lyndey-Ritz-Zwing
